student_id,course_grade,email_address,timestamp
2023001,A-,james.wilson@university.edu,2024-03-15 14:30:22
2023002,B+,sarah.connor@university.edu,2024-03-15 14:30:25
2023003,C,robert.chen@university.edu,2024-03-15 14:30:28
2023004,A,maria.garcia@university.edu,2024-03-15 14:30:31
2023005,B,alexander.kim@university.edu,2024-03-15 14:30:34
2023006,F,thomas.baker@university.edu,2024-03-15 14:30:37
2023007,A+,priya.sharma@university.edu,2024-03-15 14:30:40
2023008,B-,michael.davis@university.edu,2024-03-15 14:30:43
2023009,C+,olivia.jones@university.edu,2024-03-15 14:30:46
2023010,D,william.miller@university.edu,2024-03-15 14:30:49
2023011,A,emma.wilson@university.edu,2024-03-15 14:30:52
2023012,B+,liam.nguyen@university.edu,2024-03-15 14:30:55
2023013,A-,sophia.martinez@university.edu,2024-03-15 14:30:58