name,bio,email,phone,social_media_links,project_descriptions,portfolio_url
Alex Chen,Full-stack developer with 5+ years in fintech and e-commerce,alex.chen.dev@protonmail.com,+1-415-555-0192,linkedin.com/in/alexchen-dev github.com/alexchen-dev,Built a secure payment gateway for a startup; Developed a responsive e-commerce platform with React and Node.js,https://alexchen-portfolio.dev
Maria Rodriguez,Frontend specialist passionate about UX/UI and accessibility,maria.rodriguez@coder.io,+34-91-555-8734,twitter.com/mariarodriguez_dev instagram.com/maria.codes,Redesigned a major news website for better accessibility; Created an interactive data visualization dashboard,https://mariarodriguez-portfolio.com
David Kim,Mobile app developer focused on iOS and cross-platform solutions,david.kim@buildapps.com,+82-2-555-1122,linkedin.com/in/davidkim-mobile github.com/davidkim-apps,Launched a fitness tracking app with 50k+ downloads; Developed a cross-platform app for a food delivery service,https://davidkim.dev
Sophie Williams,Backend engineer specializing in scalable cloud architecture,sophie.w@devops.tech,+44-20-555-7766,github.com/sophiew-tech twitter.com/sophie_backend,Architected a microservices platform for a streaming service; Implemented a real-time analytics system using Kafka,https://sophiewilliams.tech
James Wilson,Freelance web developer with expertise in WordPress and Shopify,james@wilsonwebdesign.com,+1-305-555-4422,facebook.com/jameswilsonweb linkedin.com/in/jameswilson-web,Designed and built 30+ custom WordPress sites for small businesses; Created a high-converting Shopify store for a fashion brand,https://wilsonwebdesign.com
Anika Patel,Data scientist and machine learning engineer,anika.patel@datasci.ai,+1-650-555-9988,linkedin.com/in/anikapatel-ds github.com/anikapatel-ml,Developed a recommendation engine for an e-commerce platform; Built a predictive maintenance model for manufacturing equipment,https://anikapatel-datasci.com
Liam O'Brien,Cybersecurity consultant and full-stack developer,liam.obrien@securedev.net,+353-1-555-3344,twitter.com/liam_cybersec github.com/liam-secure,Conducted security audits for financial institutions; Developed a secure internal tool for a government contractor,https://liamobrien-security.dev
Elena Petrova,UI/UX designer and frontend developer,elena.petrova@designcode.eu,+7-495-555-6677,behance.net/elenapetrova dribbble.com/elenap,Designed a comprehensive design system for a tech company; Created wireframes and prototypes for a mobile banking app,https://elenapetrova.design
Carlos Mendez,DevOps engineer and cloud infrastructure specialist,carlos@mendezcloud.com,+52-55-555-8899,linkedin.com/in/carlosmendez-devops twitter.com/carlos_devops,Automated CI/CD pipelines for a SaaS product; Migrated a company's entire infrastructure to AWS,https://mendezcloud.com
Priya Sharma,Full-stack JavaScript developer (React, Vue, Node.js),priya.sharma@jsdev.work,+91-80-555-1234,github.com/priyasharma-js linkedin.com/in/priyasharma-js,Built a real-time collaboration tool for remote teams; Developed a progressive web app for a travel agency,https://priyasharma-js.dev
Marcus Johnson,Game developer using Unity and Unreal Engine,marcus.johnson@gamedev.studio,+1-310-555-5566,artstation.com/marcusjohnson twitter.com/marcus_gamedev,Developed a mobile puzzle game with over 100k installs; Created a VR training simulation for a healthcare company,https://marcusjohnson-gamedev.com
Yuki Tanaka,Backend Python/Django developer and API specialist,yuki.tanaka@pydev.jp,+81-3-555-7788,github.com/yukitanaka-py qiita.com/yukitanaka,Developed a REST API for a logistics management system; Built a content management system for a publishing house,https://yukitanaka-py.dev
Fatima Al-Mansoori,Full-stack developer focusing on educational technology,fatima@edtechdev.ae,+971-4-555-9900,linkedin.com/in/fatima-edtech github.com/fatima-edtech,Developed an LMS platform for a university; Created an interactive learning app for children,https://fatima-edtech.dev
Oliver Schmidt,Blockchain developer and smart contract auditor,oliver.schmidt@blockchain-dev.de,+49-30-555-1122,github.com/oliverschmidt-bc twitter.com/oliver_blockchain,Built a DeFi protocol on Ethereum; Audited smart contracts for several NFT projects,https://oliverschmidt-blockchain.dev
Isabella Rossi,Digital marketing specialist and web developer,isabella.rossi@marketingdev.it,+39-06-555-4433,instagram.com/isabellacodes linkedin.com/in/isabellarossi-marketing,Developed SEO-optimized websites for clients in the tourism sector; Created integrated marketing dashboards with web analytics,https://isabellarossi-marketing.dev