Name,Address,CaseNumber
John Doe,123 Main St,Anytown USA 12345,CASE001
Jane Smith,456 Oak Ave,Springfield IL 62701,CASE002
Robert Johnson,789 Pine Rd,Portland OR 97201,CASE003
Maria Garcia,321 Elm St,Los Angeles CA 90012,CASE004
David Brown,555 Maple Dr,Chicago IL 60614,CASE005
Sarah Wilson,777 Cedar Ln,Houston TX 77002,CASE006
Michael Davis,999 Birch Blvd,Phoenix AZ 85001,CASE007
Emily Martinez,222 Walnut Ave,Denver CO 80202,CASE008
James Taylor,444 Spruce Ct,Seattle WA 98101,CASE009
Jennifer Anderson,888 Ash Way,Miami FL 33101,CASE010
William Thomas,666 Cherry St,Dallas TX 75201,CASE011
Lisa Jackson,111 Willow Dr,Atlanta GA 30301,CASE012
Christopher White,333 Poplar Rd,Boston MA 02101,CASE013
Amanda Harris,555 Sycamore Ln,San Francisco CA 94102,CASE014